seq,predictions
SMWSGMWRRKLKKLRNALKKKLKGE,2.5107961846515536e-05
SWKSMAKKLKEYMEKLKQRA,0.00010263656440656632
SWASMAKKLKEYMEKLKQRA,8.963137224782258e-05
SLKDKVKSMGEKLKQYIQTWKAKF,0.00025342515436932445
