seq,predictions
SMWSGMWRRKLKKLRNALKKKLKGE,0.000773223175201565
SWKSMAKKLKEYMEKLKQRA,0.00029070579330436885
SWASMAKKLKEYMEKLKQRA,0.0002982915611937642
SLKDKVKSMGEKLKQYIQTWKAKF,0.0004368535883259028
