seq,predictions
SMWSGMWRRKLKKLRNALKKKLKGE,0.0001820571778807789
SWKSMAKKLKEYMEKLKQRA,5.850935121998191e-05
SWASMAKKLKEYMEKLKQRA,0.00010453580034663901
SLKDKVKSMGEKLKQYIQTWKAKF,0.0005671789404004812
