seq,predictions
SMWSGMWRRKLKKLRNALKKKLKGE,0.00013546872651204467
SWKSMAKKLKEYMEKLKQRA,1.725600554891571e-06
SWASMAKKLKEYMEKLKQRA,1.8958085092890542e-06
SLKDKVKSMGEKLKQYIQTWKAKF,0.0001981110981432721
