seq,predictions
SMWSGMWRRKLKKLRNALKKKLKGE,0.00032300109160132706
SWKSMAKKLKEYMEKLKQRA,2.685716754058376e-05
SWASMAKKLKEYMEKLKQRA,2.2747784896637313e-05
SLKDKVKSMGEKLKQYIQTWKAKF,0.0007419975590892136
