seq,predictions
SMWSGMWRRKLKKLRNALKKKLKGE,0.0012566670775413513
SWKSMAKKLKEYMEKLKQRA,1.3974255125503987e-05
SWASMAKKLKEYMEKLKQRA,1.1555763194337487e-05
SLKDKVKSMGEKLKQYIQTWKAKF,0.00019803366740234196
