seq,predictions
SMWSGMWRRKLKKLRNALKKKLKGE,0.00021614057186525315
SWKSMAKKLKEYMEKLKQRA,5.0292612286284566e-05
SWASMAKKLKEYMEKLKQRA,3.8344271160895005e-05
SLKDKVKSMGEKLKQYIQTWKAKF,0.0007488260744139552
