seq,predictions
SMWSGMWRRKLKKLRNALKKKLKGE,0.0005588984931819141
SWKSMAKKLKEYMEKLKQRA,0.0018675010651350021
SWASMAKKLKEYMEKLKQRA,0.0024915577378124
SLKDKVKSMGEKLKQYIQTWKAKF,0.0010337278945371509
