seq,predictions
SMWSGMWRRKLKKLRNALKKKLKGE,0.0005770950228907168
SWKSMAKKLKEYMEKLKQRA,0.00022446303046308458
SWASMAKKLKEYMEKLKQRA,0.0004620458639692515
SLKDKVKSMGEKLKQYIQTWKAKF,0.00032964133424684405
