seq,predictions
SMWSGMWRRKLKKLRNALKKKLKGE,0.00042906487942673266
SWKSMAKKLKEYMEKLKQRA,0.0010144439293071628
SWASMAKKLKEYMEKLKQRA,0.0027571844402700663
SLKDKVKSMGEKLKQYIQTWKAKF,0.0003890239750035107
