seq,predictions
SMWSGMWRRKLKKLRNALKKKLKGE,0.001217241631820798
SWKSMAKKLKEYMEKLKQRA,0.0014708301750943065
SWASMAKKLKEYMEKLKQRA,0.0015042823506519198
SLKDKVKSMGEKLKQYIQTWKAKF,0.00031752182985655963
