seq,predictions
SMWSGMWRRKLKKLRNALKKKLKGE,0.0009499368607066572
SWKSMAKKLKEYMEKLKQRA,0.0013539353385567665
SWASMAKKLKEYMEKLKQRA,0.0016334661049768329
SLKDKVKSMGEKLKQYIQTWKAKF,0.00132085254881531
