seq,predictions
SMWSGMWRRKLKKLRNALKKKLKGE,0.0015864672604948282
SWKSMAKKLKEYMEKLKQRA,0.0017034520860761404
SWASMAKKLKEYMEKLKQRA,0.0015195395098999143
SLKDKVKSMGEKLKQYIQTWKAKF,0.0012516021961346269
