seq,predictions
SMWSGMWRRKLKKLRNALKKKLKGE,0.0008628933574073017
SWKSMAKKLKEYMEKLKQRA,0.002217804314568639
SWASMAKKLKEYMEKLKQRA,0.004036756698042154
SLKDKVKSMGEKLKQYIQTWKAKF,0.001011563464999199
