seq,predictions
SMWSGMWRRKLKKLRNALKKKLKGE,0.007745188660919666
SWKSMAKKLKEYMEKLKQRA,0.006333127152174711
SWASMAKKLKEYMEKLKQRA,0.0064665586687624454
SLKDKVKSMGEKLKQYIQTWKAKF,0.006417896132916212
