seq,predictions
SMWSGMWRRKLKKLRNALKKKLKGE,0.00481843389570713
SWKSMAKKLKEYMEKLKQRA,0.007866562344133854
SWASMAKKLKEYMEKLKQRA,0.006953192409127951
SLKDKVKSMGEKLKQYIQTWKAKF,0.0009593661525286734
