seq,predictions
SMWSGMWRRKLKKLRNALKKKLKGE,0.009679792448878288
SWKSMAKKLKEYMEKLKQRA,0.022654639557003975
SWASMAKKLKEYMEKLKQRA,0.014793939888477325
SLKDKVKSMGEKLKQYIQTWKAKF,0.012299402616918087
