seq,predictions
SMWSGMWRRKLKKLRNALKKKLKGE,0.004618645180016756
SWKSMAKKLKEYMEKLKQRA,0.014082384295761585
SWASMAKKLKEYMEKLKQRA,0.014832841232419014
SLKDKVKSMGEKLKQYIQTWKAKF,0.003667783923447132
