seq,predictions
SMWSGMWRRKLKKLRNALKKKLKGE,0.004046691581606865
SWKSMAKKLKEYMEKLKQRA,0.009278724901378155
SWASMAKKLKEYMEKLKQRA,0.006725594401359558
SLKDKVKSMGEKLKQYIQTWKAKF,0.0038206286262720823
