seq,predictions
SMWSGMWRRKLKKLRNALKKKLKGE,0.002155234571546316
SWKSMAKKLKEYMEKLKQRA,0.001449433621019125
SWASMAKKLKEYMEKLKQRA,0.0019385444466024637
SLKDKVKSMGEKLKQYIQTWKAKF,0.005697081331163645
