seq,predictions
SMWSGMWRRKLKKLRNALKKKLKGE,0.008641477674245834
SWKSMAKKLKEYMEKLKQRA,0.006056264974176884
SWASMAKKLKEYMEKLKQRA,0.0030491105280816555
SLKDKVKSMGEKLKQYIQTWKAKF,0.011532317847013474
