seq,predictions
SMWSGMWRRKLKKLRNALKKKLKGE,0.006790227722376585
SWKSMAKKLKEYMEKLKQRA,0.0038645989261567593
SWASMAKKLKEYMEKLKQRA,0.003893050830811262
SLKDKVKSMGEKLKQYIQTWKAKF,0.007882567122578621
