seq,predictions
SMWSGMWRRKLKKLRNALKKKLKGE,0.0032148074824362993
SWKSMAKKLKEYMEKLKQRA,0.011764413677155972
SWASMAKKLKEYMEKLKQRA,0.013689432293176651
SLKDKVKSMGEKLKQYIQTWKAKF,0.007949515245854855
