seq,predictions
SMWSGMWRRKLKKLRNALKKKLKGE,0.004003334324806929
SWKSMAKKLKEYMEKLKQRA,0.0022590593434870243
SWASMAKKLKEYMEKLKQRA,0.0030981632880866528
SLKDKVKSMGEKLKQYIQTWKAKF,0.002707382431253791
