seq,predictions
SMWSGMWRRKLKKLRNALKKKLKGE,0.001431914046406746
SWKSMAKKLKEYMEKLKQRA,0.00115044298581779
SWASMAKKLKEYMEKLKQRA,0.001163162523880601
SLKDKVKSMGEKLKQYIQTWKAKF,0.0005074140499345958
