seq,predictions
SMWSGMWRRKLKKLRNALKKKLKGE,0.0034898805897682905
SWKSMAKKLKEYMEKLKQRA,0.0007695661624893546
SWASMAKKLKEYMEKLKQRA,0.0009149191901087761
SLKDKVKSMGEKLKQYIQTWKAKF,0.0006978588062338531
