seq,predictions
SMWSGMWRRKLKKLRNALKKKLKGE,0.00039673535502515733
SWKSMAKKLKEYMEKLKQRA,0.0002273902209708467
SWASMAKKLKEYMEKLKQRA,0.00019019885803572834
SLKDKVKSMGEKLKQYIQTWKAKF,0.00021820647816639394
