seq,predictions
SMWSGMWRRKLKKLRNALKKKLKGE,0.0016911356942728162
SWKSMAKKLKEYMEKLKQRA,0.0006673326133750379
SWASMAKKLKEYMEKLKQRA,0.0005631080130115151
SLKDKVKSMGEKLKQYIQTWKAKF,0.0003970898687839508
