seq,predictions
SMWSGMWRRKLKKLRNALKKKLKGE,0.007064059376716614
SWKSMAKKLKEYMEKLKQRA,0.014151422306895256
SWASMAKKLKEYMEKLKQRA,0.010921802371740341
SLKDKVKSMGEKLKQYIQTWKAKF,0.004562701564282179
