seq,predictions
SMWSGMWRRKLKKLRNALKKKLKGE,0.008513186126947403
SWKSMAKKLKEYMEKLKQRA,0.015205399133265018
SWASMAKKLKEYMEKLKQRA,0.008971537463366985
SLKDKVKSMGEKLKQYIQTWKAKF,0.006264358293265104
