seq,predictions
SMWSGMWRRKLKKLRNALKKKLKGE,0.002076965058222413
SWKSMAKKLKEYMEKLKQRA,0.011435856111347675
SWASMAKKLKEYMEKLKQRA,0.013731383718550205
SLKDKVKSMGEKLKQYIQTWKAKF,0.003677556524053216
