seq,predictions
SMWSGMWRRKLKKLRNALKKKLKGE,0.006489394698292017
SWKSMAKKLKEYMEKLKQRA,0.05665573850274086
SWASMAKKLKEYMEKLKQRA,0.038747482001781464
SLKDKVKSMGEKLKQYIQTWKAKF,0.005439814180135727
