seq,predictions
SMWSGMWRRKLKKLRNALKKKLKGE,0.0061758775264024734
SWKSMAKKLKEYMEKLKQRA,0.12979409098625183
SWASMAKKLKEYMEKLKQRA,0.04666785150766373
SLKDKVKSMGEKLKQYIQTWKAKF,0.014044816605746746
