seq,predictions
SMWSGMWRRKLKKLRNALKKKLKGE,0.00030333007453009486
SWKSMAKKLKEYMEKLKQRA,0.003697798354551196
SWASMAKKLKEYMEKLKQRA,0.0015361952828243375
SLKDKVKSMGEKLKQYIQTWKAKF,0.00879158265888691
