seq,predictions
SMWSGMWRRKLKKLRNALKKKLKGE,0.002279976848512888
SWKSMAKKLKEYMEKLKQRA,0.001696819788776338
SWASMAKKLKEYMEKLKQRA,0.0049912226386368275
SLKDKVKSMGEKLKQYIQTWKAKF,0.006830285303294659
