seq,predictions
SMWSGMWRRKLKKLRNALKKKLKGE,0.0028349589556455612
SWKSMAKKLKEYMEKLKQRA,0.000584662426263094
SWASMAKKLKEYMEKLKQRA,0.001295684720389545
SLKDKVKSMGEKLKQYIQTWKAKF,0.0005188447539694607
