seq,predictions
SMWSGMWRRKLKKLRNALKKKLKGE,0.004452141933143139
SWKSMAKKLKEYMEKLKQRA,0.0002812508028000593
SWASMAKKLKEYMEKLKQRA,0.00030510302167385817
SLKDKVKSMGEKLKQYIQTWKAKF,0.0037118999753147364
