seq,predictions
SMWSGMWRRKLKKLRNALKKKLKGE,0.008683325722813606
SWKSMAKKLKEYMEKLKQRA,0.004929833579808474
SWASMAKKLKEYMEKLKQRA,0.008447583764791489
SLKDKVKSMGEKLKQYIQTWKAKF,0.009668705053627491
