seq,predictions
SMWSGMWRRKLKKLRNALKKKLKGE,0.0019623488187789917
SWKSMAKKLKEYMEKLKQRA,0.0007048280094750226
SWASMAKKLKEYMEKLKQRA,0.0008299528853967786
SLKDKVKSMGEKLKQYIQTWKAKF,0.003964369185268879
