seq,predictions
SMWSGMWRRKLKKLRNALKKKLKGE,0.0045155612751841545
SWKSMAKKLKEYMEKLKQRA,0.0006267089047469199
SWASMAKKLKEYMEKLKQRA,0.0009461958543397486
SLKDKVKSMGEKLKQYIQTWKAKF,0.001710733980871737
