seq,predictions
SMWSGMWRRKLKKLRNALKKKLKGE,0.004562467336654663
SWKSMAKKLKEYMEKLKQRA,0.003997529856860638
SWASMAKKLKEYMEKLKQRA,0.004631080664694309
SLKDKVKSMGEKLKQYIQTWKAKF,0.00942277628928423
