seq,predictions
SMWSGMWRRKLKKLRNALKKKLKGE,0.007058973889797926
SWKSMAKKLKEYMEKLKQRA,0.002077954588457942
SWASMAKKLKEYMEKLKQRA,0.0022255489602684975
SLKDKVKSMGEKLKQYIQTWKAKF,0.004245256073772907
