seq,predictions
SMWSGMWRRKLKKLRNALKKKLKGE,0.02237480692565441
SWKSMAKKLKEYMEKLKQRA,0.003189945360645652
SWASMAKKLKEYMEKLKQRA,0.004577302373945713
SLKDKVKSMGEKLKQYIQTWKAKF,0.004732199013233185
