seq,predictions
SMWSGMWRRKLKKLRNALKKKLKGE,0.015283480286598206
SWKSMAKKLKEYMEKLKQRA,0.001375566702336073
SWASMAKKLKEYMEKLKQRA,0.0017729669343680143
SLKDKVKSMGEKLKQYIQTWKAKF,0.008231195621192455
