seq,predictions
SMWSGMWRRKLKKLRNALKKKLKGE,6.567184755112976e-05
SWKSMAKKLKEYMEKLKQRA,0.0001723138993838802
SWASMAKKLKEYMEKLKQRA,0.00023569425684399903
SLKDKVKSMGEKLKQYIQTWKAKF,2.9280750823090784e-05
