seq,predictions
SMWSGMWRRKLKKLRNALKKKLKGE,0.0002813103492371738
SWKSMAKKLKEYMEKLKQRA,0.001958681968972087
SWASMAKKLKEYMEKLKQRA,0.0020907449070364237
SLKDKVKSMGEKLKQYIQTWKAKF,0.001451751682907343
