seq,predictions
SMWSGMWRRKLKKLRNALKKKLKGE,0.00034835925907827914
SWKSMAKKLKEYMEKLKQRA,0.00033217869349755347
SWASMAKKLKEYMEKLKQRA,0.0008646325441077352
SLKDKVKSMGEKLKQYIQTWKAKF,0.00012239905481692404
