seq,predictions
SMWSGMWRRKLKKLRNALKKKLKGE,0.000549882126506418
SWKSMAKKLKEYMEKLKQRA,0.0003554989234544337
SWASMAKKLKEYMEKLKQRA,0.0005406038253568113
SLKDKVKSMGEKLKQYIQTWKAKF,0.0001897447364171967
