seq,predictions
SMWSGMWRRKLKKLRNALKKKLKGE,0.0007313367677852511
SWKSMAKKLKEYMEKLKQRA,0.001052464242093265
SWASMAKKLKEYMEKLKQRA,0.0011760309571400285
SLKDKVKSMGEKLKQYIQTWKAKF,0.0003488276561256498
