seq,predictions
SMWSGMWRRKLKKLRNALKKKLKGE,0.00225317501462996
SWKSMAKKLKEYMEKLKQRA,0.002956128679215908
SWASMAKKLKEYMEKLKQRA,0.004896626807749271
SLKDKVKSMGEKLKQYIQTWKAKF,0.0015950865345075727
