seq,predictions
SMWSGMWRRKLKKLRNALKKKLKGE,0.0008608383359387517
SWKSMAKKLKEYMEKLKQRA,0.000940104597248137
SWASMAKKLKEYMEKLKQRA,0.0017568842740729451
SLKDKVKSMGEKLKQYIQTWKAKF,0.0006887958152219653
