seq,predictions
SMWSGMWRRKLKKLRNALKKKLKGE,8.019722372409888e-06
SWKSMAKKLKEYMEKLKQRA,0.00012239835632499307
SWASMAKKLKEYMEKLKQRA,0.00016072855214588344
SLKDKVKSMGEKLKQYIQTWKAKF,8.385827641177457e-06
