seq,predictions
SMWSGMWRRKLKKLRNALKKKLKGE,0.001085425610654056
SWKSMAKKLKEYMEKLKQRA,0.0026536285877227783
SWASMAKKLKEYMEKLKQRA,0.0041122292168438435
SLKDKVKSMGEKLKQYIQTWKAKF,0.0018346362048760056
