seq,predictions
SMWSGMWRRKLKKLRNALKKKLKGE,0.0013904757797718048
SWKSMAKKLKEYMEKLKQRA,0.0009346940787509084
SWASMAKKLKEYMEKLKQRA,0.0012781930854544044
SLKDKVKSMGEKLKQYIQTWKAKF,0.0013978605857118964
