seq,predictions
SMWSGMWRRKLKKLRNALKKKLKGE,0.0015046348562464118
SWKSMAKKLKEYMEKLKQRA,0.00032658022246323526
SWASMAKKLKEYMEKLKQRA,0.0001285951875615865
SLKDKVKSMGEKLKQYIQTWKAKF,0.0012076314305886626
