seq,predictions
SMWSGMWRRKLKKLRNALKKKLKGE,0.0005071282503195107
SWKSMAKKLKEYMEKLKQRA,0.00023770304687786847
SWASMAKKLKEYMEKLKQRA,0.000197750618099235
SLKDKVKSMGEKLKQYIQTWKAKF,0.000620548555161804
