seq,predictions
SMWSGMWRRKLKKLRNALKKKLKGE,0.0010083584347739816
SWKSMAKKLKEYMEKLKQRA,0.00038400606717914343
SWASMAKKLKEYMEKLKQRA,0.0002642330655362457
SLKDKVKSMGEKLKQYIQTWKAKF,0.0005398515495471656
