seq,predictions
SMWSGMWRRKLKKLRNALKKKLKGE,0.0011779514607042074
SWKSMAKKLKEYMEKLKQRA,0.0007526954868808389
SWASMAKKLKEYMEKLKQRA,0.0011209548683837056
SLKDKVKSMGEKLKQYIQTWKAKF,0.00036909175105392933
