seq,predictions
SMWSGMWRRKLKKLRNALKKKLKGE,0.00019223593699280173
SWKSMAKKLKEYMEKLKQRA,0.00012464361498132348
SWASMAKKLKEYMEKLKQRA,8.813786553218961e-05
SLKDKVKSMGEKLKQYIQTWKAKF,7.769597868900746e-05
