seq,predictions
SMWSGMWRRKLKKLRNALKKKLKGE,0.000405788014177233
SWKSMAKKLKEYMEKLKQRA,0.0002204368938691914
SWASMAKKLKEYMEKLKQRA,0.00018444446322973818
SLKDKVKSMGEKLKQYIQTWKAKF,0.00023658065765630454
