seq,predictions
SMWSGMWRRKLKKLRNALKKKLKGE,0.0022860418539494276
SWKSMAKKLKEYMEKLKQRA,0.0013231660705059767
SWASMAKKLKEYMEKLKQRA,0.0025684458669275045
SLKDKVKSMGEKLKQYIQTWKAKF,0.0014776088064536452
