seq,predictions
SMWSGMWRRKLKKLRNALKKKLKGE,0.000894335622433573
SWKSMAKKLKEYMEKLKQRA,0.0004767051141243428
SWASMAKKLKEYMEKLKQRA,0.0004489932907745242
SLKDKVKSMGEKLKQYIQTWKAKF,0.0003807140456046909
